LG PONTE SARELA	A Ponte Sarela
LG XESTEIRA	A Xesteira
LG AGUALADA	Agualada
RU ALTA VISTA	Altavista
LG MOAS ARRIBA	As Moas de Arriba
AV AEROPORTO	Avenida Aeroporto
AV ANTONIO FRAGUAS	Avenida Antonio Fraguas
AV ANTONIO RAIMUNDO IBAÑEZ	Avenida Antonio Raimundo Ibañez
AV CASAS COMPOSTELA	Avenida Casas Compostela
AV DR ANGEL JORGE ECHEVARRI	Avenida Dr Angel Jorge Echevarri
AV MANUEL FRAGA IRIBARNE	Avenida Manuel Fraga Iribarne
AV MESTRE MATEO	Avenida Mestre Mateo
AV ROSALIA CASTRO	Avenida Rosalía de Castro
AV XOAN XXIII	Avenida Xoan XXIII
AV CORUÑA	Avenida da Coruña
AV LIBERDADE	Avenida da Liberdade
AV MESTRA VICTORIA MIGUEZ	Avenida da Mestra Victoria Míguez
AV BURGAS	Avenida das Burgas
AV CIENCIAS	Avenida das Ciencias
AV BARCELONA	Avenida de Barcelona
AV BILBAO	Avenida de Bilbao
AV CASTELAO	Avenida de Castelao
AV COIMBRA	Avenida de Coimbra
AV FERNANDO CASAS NOVOA	Avenida de Fernando de Casas Novoa
AV FERROL	Avenida de Ferrol
AV FIGUEROA	Avenida de Figueroa
AV XOSE FILGUEIRA VALVERDE	Avenida de Filgueira Valverde
AV GONZALO TORRENTE BALLESTE	Avenida de Gonzalo Torrente Ballester
AV LUGO	Avenida de Lugo
AV MONTEVIDEO	Avenida de Montevideo
AV NOVOA SANTOS	Avenida de Novoa Santos
AV PONTEVEDRA	Avenida de Pontevedra
AV QUIROGA PALACIOS	Avenida de Quiroga Palacios
AV RAXOI	Avenida de Raxoi
AV RODRIGO PADRON	Avenida de Rodrigo de Padrón
AV RODRIGUEZ VIGURI	Avenida de Rodríguez de Viguri
AV ROMERO DONALLO	Avenida de Romero Donallo
AV SALAMANCA	Avenida de Salamanca
AV SAN MARCOS	Avenida de San Marcos
AV SYRA ALONSO	Avenida de Syra Alonso
AV VIGO	Avenida de Vigo
AV DE VILAGARCIA	Avenida de Vilagarcía
AV DE XOAN PAULO II	Avenida de Xoán Paulo II
AV BURGO NACIONS	Avenida do Burgo das Nacións
AV CAMIÑO FRANCES	Avenida do Camiño Francés
PQ DO CRUCEIRO DA CORUÑA	Avenida do Cruceiro da Coruña
AV DO CRUCEIRO DA CORUÑA	Avenida do Cruceiro da Coruña
BO SANTO IGNACIO LOYOLA	Barrio Santo Ignacio Loyola
BO PONTE SANTO DOMINGO	Barrio da ponte de San Domingos
LG BORNAIS	Bornais
RU CALZADA CANCELAS	Calzada das Cancelas
RU CALZADA SAN PEDRO	Calzada de San Pedro
RU CALZADA SANTO ANTONIO	Calzada de Santo Antonio
RU CALZADA SAR	Calzada de Sar
RU CALZADA TORRENTE	Calzada de Torrente
RU CALZADA COMBARRO	Calzada do Combarro
CM SALES	Camino de Sales
CM REAL ANGROIS	Camiño Real de Angrois
CM REAL PIÑEIRO	Camiño Real de Piñeiro
CM REAL VIDAN	Camiño Real de Vidán
LG AMARELLE	Camiño a Amarelle
CM AMEIXAGA	Camiño da Ameixaga
CM LERMO	Camiño de Lermo
CM CHAN CURROS	Camiño do Chan de Curros
CM VILARES	Camiño dos Vilares
RU VILARES	Camiño dos Vilares
RU CANTON SAN BIEITO	Cantón de San Bieito
RU CANTON TOURAL	Cantón do Toural
LG CARBALLAL	Carballal
RU CARREIRO PICAÑOS	Carreiro de Picaños
CR AUTOPISTA	Carretera/Carrera Autopista
CR CORREDOIRA ESPIÑO	Carretera/Carrera Corredoira Espiño
BO CORNES	Cornes
RU CORREDOIRA DA CASA VELLA	Corredoira da Casa Vella
RU CATADOIRO	Corredoira do Catadoiro
RU CORREDOIRA DOS MUIÑOS	Corredoira dos Muíños
CT NOVA ABAIXO	Costa Nova de Abaixo
CT NOVA DE ARRIBA	Costa Nova de Arriba
CT VELLA	Costa Vella
CT SAN DOMINGOS	Costa de San Domingos
CT SAN MARCOS	Costa de San Marcos
CT SANTA ISABEL	Costa de Santa Isabel
CT CANO	Costa do Cano
CT SISTO	Costa do Sisto
CT VEDOR	Costa do Vedor
CT VIEIRO	Costa do Vieiro
CT VISO	Costa do Viso
CT RIO	Cuesta/Costanilla Rio
LG CURUXEIRA	Curuxeira
RU ENTREMURALLAS	Entremurallas
RU ESCALINATA DO CEBREIRO	Escalinata do cebreiro
LG ZARAMACEDO	Estrada Bando - Zaramacedo
LG POUSADA CESAR	Estrada a Pousada
LG POUSADA BANDO	Estrada a Pousada
LG REBOREDO	Estrada a Reboredo
LG BANDO ARRIBA	Estrada de Bando de Arriba
CR SAN LOURENZO	Estrada de San Lourenzo
MT PEDROSO	Estrada do Pedroso
LG GARABAL	Garabal
JR MANUEL FEIXOO (DE)	Jardines Manuel Feixoo (de)
JR XOSE MOSQUERA PEREZ	Jardines Xose Mosquera Perez
LG ROCHA NOVA	Lugar A Rocha Nova
LG ABETOS	Lugar Abetos
LG AGRA CAMPOS	Lugar Agra Campos
LG ALBARDE	Lugar Albarde
LG ALBEANAS	Lugar Albeanas
LG ALBUDIÑO	Lugar Albudiño
LG ALDEA ABAIXO	Lugar Aldea Abaixo
LG ALDREI	Lugar Aldrei
LG AMAÑECIDA	Lugar Amañecida
LG ANDRADE	Lugar Andrade
LG ARADAS	Lugar Aradas
LG ARAMIO	Lugar Aramio
LG ARDAGAN	Lugar Ardagan
LG BALSOMA	Lugar Balsoma
LG BANDO ABAIXO	Lugar Bando Abaixo
LG BAR ABAIXO	Lugar Bar Abaixo
LG BAR ARRIBA	Lugar Bar Arriba
LG BARCAVELLA	Lugar Barcavella
LG BARCIA	Lugar Barcia
LG BARCIELA	Lugar Barciela
LG BARGO	Lugar Bargo
LG BARRAL	Lugar Barral
LG BARREIRO	Lugar Barreiro
LG BELEN	Lugar Belen
LG BENAVENTE	Lugar Benavente
LG CACHARELA	Lugar Cacharela
LG CALUBA	Lugar Caluba
LG CAMOUZO	Lugar Camouzo
LG CANDELABEIRA	Lugar Candelabeira
LG CARLEXO	Lugar Carlexo
LG CASAIS	Lugar Casais
LG CASAL CESAR	Lugar Casal Cesar
LG CASANOVA	Lugar Casanova
LG CASAS MONTE	Lugar Casas Monte
LG CASTIÑEIRA GRANDE	Lugar Castiñeira Grande
LG CASTIÑEIRA PEQUENA	Lugar Castiñeira Pequena
LG CASTRO BANDO	Lugar Castro Bando
LG CASTRO BUSTO	Lugar Castro Busto
LG CASTRO CESAR	Lugar Castro Cesar
LG CAÑOTEIRA MARROZOS	Lugar Cañoteira Marrozos
LG CHORENTE	Lugar Chorente
LG CODESEDAS	Lugar Codesedas
LG CORREXINS	Lugar Correxins
LG CORTOS	Lugar Cortos
LG COSTA ARINS	Lugar Costa Arins
LG COVA (A)	Lugar Cova (A)
LG CURRAIS	Lugar Currais
LG DEVESA	Lugar Devesa
LG DIANS	Lugar Dians
LG EIREXE	Lugar Eirexe
LG EIXO ARRIBA	Lugar Eixo Arriba
LG ESCARABUÑA	Lugar Escarabuña
LG ESQUIPA	Lugar Esquipa
LG ESTACION DE VERDIA	Lugar Estacion de Verdia
LG FEANS	Lugar Feans
LG FIGUEIRA	Lugar Figueira
LG FOLGOSO	Lugar Folgoso
LG FONTE TORNO	Lugar Fonte Torno
LG FONTOADE	Lugar Fontoade
LG FORMARIS	Lugar Formaris
LG FORNAS	Lugar Fornas
LG FORTE	Lugar Forte
LG FRADES	Lugar Frades
LG FRAIS	Lugar Frais
LG FRENSA	Lugar Frensa
LG GAIOSO	Lugar Gaioso
LG GALLUFE	Lugar Gallufe
LG GAMAS	Lugar Gamas
LG GAMIL	Lugar Gamil
LG GOSENDE	Lugar Gosende
LG GRANXA DO XESTO	Lugar Granxa Do Xesto
LG GRANXA SAN LAZARO	Lugar Granxa San Lazaro
LG GUNIN	Lugar Gunin
LG IGREXA BARCIELA	Lugar Igrexa Barciela
LG IGREXA BUSTO	Lugar Igrexa Busto
LG IGREXA ENFESTA	Lugar Igrexa Enfesta
LG IGREXA FECHA	Lugar Igrexa Fecha
LG IGREXA GRIXOA	Lugar Igrexa Grixoa
LG IGREXA LARAÑO	Lugar Igrexa Laraño
LG IGREXARIO EIXO	Lugar Igrexario Eixo
LG INSUAS	Lugar Insuas
LG LAGOA	Lugar Lagoa
LG LAMAS CARBALLAL	Lugar Lamas Carballal
LG LAMAS DE LARAÑO	Lugar Lamas de Laraño
LG LAMASCAL	Lugar Lamascal
LG LAMEIRA MARANTES	Lugar Lameira Marantes
LG LAMELA	Lugar Lamela
LG LARANXOS	Lugar Laranxos
LG LARAÑIÑO	Lugar Larañiño
LG LAVACOLLA	Lugar Lavacolla
LG LERMO	Lugar Lermo
LG LOBIO	Lugar Lobio
LG LOBRA	Lugar Lobra
LG MALLOS	Lugar Mallos
LG MARANTES	Lugar Marantes
LG MARMANCOU	Lugar Marmancou
LG MARROCIÑOS	Lugar Marrociños
LG MARZO ABAIXO	Lugar Marzo Abaixo
LG MARZO ARRIBA	Lugar Marzo Arriba
LG MIRAMONTES	Lugar Miramontes
LG MOAS ABAIXO	Lugar Moas Abaixo
LG MONTE VILA	Lugar Monte Vila
LG MONTES	Lugar Montes
LG MOURENTAN	Lugar Mourentan
LG MUIÑOS	Lugar Muiños
LG NEIRO	Lugar Neiro
LG NEIRO ABAIXO	Lugar Neiro Abaixo
LG NEIRO ARRIBA	Lugar Neiro Arriba
LG NEMENZO ABAIXO	Lugar Nemenzo Abaixo
LG NEMENZO ARRIBA	Lugar Nemenzo Arriba
LG NOVAL	Lugar Noval
LG OUTEIRO MARANTES	Lugar Outeiro Marantes
LG OUTEIRO MARROZOS	Lugar Outeiro Marrozos
LG PARADELA	Lugar Paradela
LG PARADELAS ABAIXO	Lugar Paradelas Abaixo
LG PARDACES ABAIXO	Lugar Pardaces Abaixo
LG PARDACES ARRIBA	Lugar Pardaces Arriba
LG PAREDES LARAÑO	Lugar Paredes Laraño
LG PAREDES SAN LAZARO	Lugar Paredes San Lazaro
LG PEDRA	Lugar Pedra
LG PENA	Lugar Pena
LG PEREGRINA	Lugar Peregrina
LG PEREIRAS EIXO	Lugar Pereiras Eixo
LG PEREIRAS SAN CAETANO	Lugar Pereiras San Caetano
LG PIÑEIRO CARBALLAL	Lugar Piñeiro Carballal
LG PIÑEIRO EIXO	Lugar Piñeiro Eixo
LG PIÑEIRO ENFESTA	Lugar Piñeiro Enfesta
LG PIÑOR	Lugar Piñor
LG POLVEIRA	Lugar Polveira
LG PONTE	Lugar Ponte
LG PONTE ALVAR	Lugar Ponte Alvar
LG PONTILLON	Lugar Pontillon
LG PORTELA FIGUEIRAS	Lugar Portela Figueiras
LG PORTELA VILLESTRO	Lugar Portela Villestro
LG PRAZA	Lugar Praza
LG QUEIROAL	Lugar Queiroal
LG QUENLLAS	Lugar Quenllas
LG QUINTANS VERDIA	Lugar Quintans Verdia
LG QUINTANS VILLESTRO	Lugar Quintans Villestro
LG QUINTAS	Lugar Quintas
LG RAMELLE	Lugar Ramelle
LG RAMIL	Lugar Ramil
LG REBORDAOS	Lugar Rebordaos
LG REBORIDO	Lugar Reborido
LG REIBO	Lugar Reibo
LG REQUESENDE	Lugar Requesende
LG ROAN	Lugar Roan
LG ROMAÑO	Lugar Romaño
LG ROXIDO	Lugar Roxido
LG ROXOS	Lugar Roxos
LG ROZA	Lugar Roza
LG RUA TRAVESA MARANTES	Lugar Rua Travesa Marantes
LG SAN SILVESTRE	Lugar San Silvestre
LG SANXUAS	Lugar Sanxuas
LG SARELA ARRIBA	Lugar Sarela Arriba
LG SIGUEIRO	Lugar Sigueiro
LG SIONLLA	Lugar Sionlla
LG SIONLLA ABAIXO	Lugar Sionlla Abaixo
LG SIONLLA ARRIBA	Lugar Sionlla Arriba
LG SOBRINS	Lugar Sobrins
LG SON ARRIBA	Lugar Son Arriba
LG SON DE ABAIXO	Lugar Son de Abaixo
LG SUSANA	Lugar Susana
LG TARRIO	Lugar Tarrio
LG TORRE CESAR	Lugar Torre Cesar
LG TORRE ENFESTA	Lugar Torre Enfesta
LG TORRE MARANTES	Lugar Torre Marantes
LG TRAS IGREXA	Lugar Tras Igrexa
LG TRAS VEA	Lugar Tras Vea
LG UCEIRA	Lugar Uceira
LG VACHAO	Lugar Vachao
LG VALADO BARCIELA	Lugar Valado Barciela
LG VALADO EIXO	Lugar Valado Eixo
LG VALIÑA	Lugar Valiña
LG VEIGA	Lugar Veiga
LG VERDIA	Lugar Verdia
LG VERDIA ARRIBA	Lugar Verdia Arriba
LG VERDIA ESTACION	Lugar Verdia Estacion
LG VILA FERNANDEZ	Lugar Vila Fernandez
LG VILAMAIOR	Lugar Vilamaior
LG VILAR GRIXOA	Lugar Vilar Grixoa
LG VILAR MARANTES	Lugar Vilar Marantes
LG VILAR OUTEIRO	Lugar Vilar Outeiro
LG VILAR REI	Lugar Vilar Rei
LG VILARES	Lugar Vilares
LG VILARIÑO BUSTO	Lugar Vilariño Busto
LG VILARIÑO NEMENZO	Lugar Vilariño Nemenzo
LG VILAS	Lugar Vilas
LG VILASTREXE	Lugar Vilastrexe
LG VINTECATRO	Lugar Vintecatro
LG VRINS	Lugar Vrins
LG XAN XORDO	Lugar Xan Xordo
LG XULACASA	Lugar Xulacasa
LG TORRE BRANCA	Lugar a Torre Branca
LG FONTECOBA	Lugar da Fontecova
LG COREXO	Lugar de Corexo
LG CASAL LARAÑO	Lugar do Casal
LG COIRA	Lugar do Casal
LG SISTO (O)	Lugar do Sisto
LG VIXOI	Lugar do Sisto
RU CHOUCIÑOS (DOS)	Lugar dos Chouchiños
LG IGREXARIO ARINS	Lugar o Igrexario de Aríns
MT SANTASMARIÑAS	Monte Santasmariñas
RU CAMPO CONXO	O Campo de Conxo
LG CASAL HORTA	O Casal da Horta
LG EIXO ABAIXO	O Eixo de Abaixo
LG PARDIÑAS	Pardiñas
PQ DA MESTRA VICTORIA MIGUEZ	Parque da Mestra Victoria Míguez
PQ DE BELVIS	Parque de Belvís
PQ DA TRISCA	Parroquia/Parque Da Trisca
PQ DAS LETRAS GALEGAS	Parroquia/Parque Das Letras Galegas
PQ DO MONTE DA ALMACIGA	Parroquia/Parque Do Monte Da Almaciga
PQ EUGENIO FERNANDEZ GRANELL	Parroquia/Parque Eugenio Fernandez Granell
PQ FERMIN BOUZA BREY	Parroquia/Parque Fermin Bouza Brey
PQ JOSE ZECA AFONSO	Parroquia/Parque Jose Zeca Afonso
PQ MUSICA COMPOSTELA	Parroquia/Parque Musica Compostela
PQ PONTE MANTIBLE	Parroquia/Parque Ponte Mantible
PQ SAN DOMINGOS DE BONAVAL	Parroquia/Parque San Domingos de Bonaval
PQ DE CARLOMAGNO	Parroquia/Parque de Carlomagno
PQ DE XIXON	Parroquia/Parque de Xixon
PJ TRANSITO MERCED	Pasaje/Pasadizo Transito Merced
PS AMAIA	Paseo da Amaía
PS QUINTA	Paseo da Quinta
PS BRANDIA	Paseo de Brandía
PS ALAMEDA	Paseo de Bóveda
PS ESVEDRO	Paseo do Esvedro
LG PEDRIDO	Pedrido
LG CASAS ARRIBA	Pista a Casas de Arriba
LG PARADELAS ARRIBA	Pista a Paradelas de Arriba
LG SAN PAIO	Pista a San Paio
LG VILASUSO	Pista a Vilasuso
LG IGREXA CESAR	Pista da Igrexa
PC PENAS (DAS)	Placeta/Plaça Penas (Das)
PC COMBARRO (DO)	Placiñas do Combarro
PZ CAMILO DIAZ BALIÑO	Plaza Camilo Diaz Baliño
PZ CONSTITUCION	Plaza Constitucion
PZ EUROPA	Plaza Europa
PZ FUENTERRABIA	Plaza Fuenterrabia
PZ MARTIN HERRERA	Plaza Martin Herrera
PZ MUSICA COMPOSTELANA	Plaza Musica Compostelana
PZ OLIMPIO PEREZ RODRIGUEZ	Plaza Olimpio Perez Rodriguez
PZ RAMON DOMINGUEZ	Plaza Ramon Dominguez
PZ REP. ORIENTAL DO URUGUAY	Plaza Rep. Oriental Do Uruguay
PZ SAN XOAN BAUTISTA SALLE	Plaza San Xoan Bautista Salle
PZ SUNP-20 AMAÑECIDA RUA A	Plaza Sunp-20 Amañecida Rua A
PC ALGALIA DE ARRIBA (DA)	Praciña da Algalia de Arriba
PZ SAN PEDRO	Praciña de San Pedro
PZ ROXA	Praza Roxa
PZ ALGALIA ABAIXO	Praza da Algalia de Abaixo
PZ ATALAIA	Praza da Atalaia
PZ INMACULADA	Praza da Inmaculada
PZ NOSA SEÑORA MERCE CONXO	Praza da Nosa Señora da Mercé
PZ PESCADERIA VELLA	Praza da Pescadería Vella
PZ QUINTANA	Praza da Quintana de Mortos
PZ QUINTANA VIVOS	Praza da Quintana de Vivos
PZ UNIVERSIDADE	Praza da Universidade
PZ PRATERIAS	Praza das Praterías
PZ ANDRES DO BARRO	Praza de Andrés Do Barro
PZ CARLOS CASARES MOURIÑO	Praza de Carlos Casares Mouriño
PZ CERVANTES	Praza de Cervantes
PZ ENTREPRACIÑAS	Praza de Entrepraciñas
PZ FEIXO (DE)	Praza de Feixoo
PZ FONSECA	Praza de Fonseca
PZ FRANCISCO FERNANDEZ RIEGO	Praza de Francisco Fernández del Riego
PZ GALICIA	Praza de Galicia
PZ LEON	Praza de León
PZ MANUEL RIOS SUAREZ	Praza de Manuel Ríos Suárez
PZ MARCIAL VILLAMOR VARELA	Praza de Marcial Villamor Varela
PZ MAZARELOS	Praza de Mazarelos
PZ PASCUAL VEIGA	Praza de Pascual Veiga
PZ RODRIGUEZ CADARSO	Praza de Rodríguez Cadarso
PZ SALVADOR GARCIA BODAÑO	Praza de Salvador García Bodaño
PZ SALVADOR PARGA	Praza de Salvador Parga
PZ SAN FIZ SALOVIO	Praza de San Fiz de Solovio
RU TRAS SAN FIZ SOLOVIO	Praza de San Fiz de Solovio
PZ SAN MARTIÑO	Praza de San Martiño Pinario
PZ SAN MIGUEL AGROS	Praza de San Miguel dos Agros
PZ SAN ROQUE	Praza de San Roque
PZ SANTO AGOSTIÑO	Praza de Santo Agostiño
PZ SOFIA	Praza de Sofía
PZ ULTREIA	Praza de Ultreia
PZ VIDAN	Praza de Vidán
PZ VIGO	Praza de Vigo
PZ ALVARO CUNQUEIRO	Praza de Álvaro Cunqueiro
PZ DOUTOR PUENTE CASTRO	Praza do Doutor Puente Castro
PZ MATADOIRO	Praza do Matadoiro
PZ OBRADOIRO	Praza do Obradoiro
PZ PADRE FRANCISCO GOMEZ	Praza do Padre Francisco Gómez
PZ PARLADOIRO	Praza do Parladoiro
PZ SEMINARIO ESTUDOS GALEGOS	Praza do Seminario de Estudos Galegos
PZ TOURAL	Praza do Toural
RU RECANTO SAN MIGUEL	Recantos de San Miguel
LG RIAL LARAÑO	Rial de Laraño
RU RUEIRO TORRENTE	Rueiro de Torrente
RU RUELA ESTILA	Ruela da Estila
RU RUELA MUIÑA	Ruela da Muiña
RU RUELA OLIVEIRA	Ruela da Oliveira
RU RUELA VOLTA CASTRO	Ruela da Volta do Castro
RU RUELA CHUFAS	Ruela das Chufas
RU RUELA FONTIÑAS	Ruela das Fontiñas
RU RUELA SALVADAS	Ruela das Salvadas
RU RUELA ANIMAS	Ruela das Ánimas
RU RUELA ALTAMIRA	Ruela de Altamira
RU RUELA BRION	Ruela de Brión
RU RUELA DE CONXO DE ABAIXO	Ruela de Conxo de Abaixo
RU RUELA DE CONXO DE ARRIBA	Ruela de Conxo de Arriba
RU RUELA ENTRECERCAS	Ruela de Entrecercas
RU RUELA ENTRERRUAS	Ruela de Entrerrúas
RU RUELA FUENTERRABIA	Ruela de Fuenterrabía
RU RUELA SAE SE PODES	Ruela de Sae se Podes
RU RUELA SAN CLEMENTE	Ruela de San Clemente
RU RUELA TORRENTE	Ruela de Torrente
RU RUELA XERUSALEN	Ruela de Xerusalén
RU RUELA COMBARRO	Ruela do Combarro
RU RUELA DO GATO	Ruela do Gato
RU RUELA PESO	Ruela do Peso
RU RUELA POZO	Ruela do Pozo
RU CIDADE TRANSPORTE A	Rúa "A" da Cidade do Transporte
RU CIDADE TRANSPORTE (H)	Rúa "A" da Cidade do Transporte
RU CIDADE TRANSPORTE B	Rúa "B" da Cidade do Transporte
RU CIDADE TRANSPORTE C	Rúa "C" da Cidade do Transporte
RU CIDADE TRANSPORTE D	Rúa "E" da Cidade do Transporte
RU CIDADE TRANSPORTE F	Rúa "F" da Cidade do Transporte
RU CIDADE TRANSPORTE G	Rúa "G" da Cidade do Transporte
RU AGRA LAMAS	Rúa Agra Lamas
RU AIRAS NUNES	Rúa Airas Nunes
RU ALEJANDRA MURGUIA CASTRO	Rúa Alejandra Murguia Castro
RU ALEJANDRO NOVO GONZALEZ	Rúa Alejandro Novo Gonzalez
RU ALGALIA ABAIXO	Rúa Algalia de Abaixo
RU ANXEL BALTAR	Rúa Anxel Baltar
RU ANXIL	Rúa Anxil
RU AQUILINO IGLESIA ALVARIÑO	Rúa Aquilino Iglesia Alvariño
RU ARAGON	Rúa Aragon
RU ARREDULLO	Rúa Arredullo
RU ARTURO CUADRADO MOURE	Rúa Arturo Cuadrado Moure
RU AS TORRES NO AR	Rúa As Torres No Ar
RU ASIS	Rúa Asis
RU ASUBIO	Rúa Asubio
RU AUTOS LOBELLE SANTIAGO	Rúa Autos Lobelle Santiago
RU BARROSA	Rúa Barrosa
RU BATALLA CLAVIJO	Rúa Batalla de Clavixo
RU BELVIS	Rúa Belvís
PZ BELVIS	Rúa Belvís
RU BENITO REGUEIRO VARELA	Rúa Benito Regueiro Varela
RU CAMIÑOS DA VIDA	Rúa Camiños da Vida
RU CAMPO HORTAS	Rúa Campo das Hortas
RU CAMPO SANTA ISABEL	Rúa Campo de Santa Isabel
RU CANTABRIA	Rúa Cantabria
RU CARBALLEIRA	Rúa Carballeira
RU CARBALLO	Rúa Carballo
RU CARLOS BRIONES VARELA	Rúa Carlos Briones Varela
RU CAROLINA OTERO	Rúa Carolina Otero
RU CASAL DO CASTIÑEIRIÑO (DO	Rúa Casal Do Castiñeiriño (Do
RU CASTELOS	Rúa Castelos
RU CASTIÑEIROS	Rúa Castiñeiros
RU CATALUÑA	Rúa Cataluña
RU CEUTA	Rúa Ceuta
RU CLEMENTE FERNANDEZ SARELA	Rúa Clemente Fernandez Sarela
RU S.D. COMPOSTELA	Rúa Compostela SD
RU CORREDOIRA DOS CORNOS	Rúa Corredoira Dos Cornos
RU COTO NAI	Rúa Coto Nai
RU CRUZ GALLASTEGUI	Rúa Cruz Gallastegui
RU CURRALIÑO	Rúa Curraliño
RU DA XERACION NOS	Rúa Da Xeracion Nos
RU DANIEL GARCIA RAMOS	Rúa Daniel Garcia Ramos
RU DELFIN GARCIA GUERRA	Rúa Delfin Garcia Guerra
RU GOZO	Rúa Do Gozo
RU DOMINGO A ANDRADE	Rúa Domingo A Andrade
RU DOMINGO FONTAN	Rúa Domingo Fontan
RU DOUTOR MACEIRA	Rúa Doutor Maceira
RU EIDOS	Rúa Eidos
RU ELENA QUIROGA ABARCA	Rúa Elena Quiroga Abarca
RU EMILIO ARES MARTINEZ	Rúa Emilio Ares Martinez
RU ENRIQUE VIDAL ABASCAL	Rúa Enrique Vidal Abascal
RU ESCALINATA ATURUXO	Rúa Escalinata Aturuxo
RU EVARISTO NOGUEIRA ROMERO	Rúa Evaristo Nogueira Romero
RU FEDERICA MONTSENY	Rúa Federica Montseny
RU FELICIANO BARRERA FDEZ	Rúa Feliciano Barrera Fernández
RU FLORES	Rúa Flores
RU FOLLAS NOVAS	Rúa Follas Novas
RU FONSECA	Rúa Fonseca
RU FONTELA	Rúa Fontela
RU FRANCISCA HERRERA GARRIDO	Rúa Francisca Herrera Garrido
RU FREI ROSENDO SALVADO	Rúa Frei Rosendo Salvado
RU FRONTEIRA INFINDA	Rúa Fronteira Infinda
RU GUIMARAES	Rúa Guimaraes
RU IGREXA VIDAN	Rúa Igrexa Vidan
RU ILDEFONSO SANCHEZ MERA	Rúa Ildefonso Sánchez Mera
RU IRMANDADES FALA	Rúa Irmandades Fala
RU IRMANS SANTOS VARELA	Rúa Irmans Santos Varela
RU J LUIS PUENTE DOMINGUEZ	Rúa J Luis Puente Dominguez
RU JOAM AIRAS SANTIAGO	Rúa Joam Airas de Santiago
RU JOSE LUIS PENSADO TOME	Rúa Jose Luis Pensado Tome
RU JOSE RIVAS FERNANDEZ	Rúa Jose Rivas Fernandez
RU JOSEFA GARCIA SEGRET	Rúa Josefa García Segret
RU JOSEFA IGLESIAS VILARELLE	Rúa Josefa Iglesias Vilarelle
RU JUAN HARGUINDEY BROUSSAIN	Rúa Juan Harguindey Broussain
RU LAMAS ABADE	Rúa Lamas de Abade
RU LOGROÑO	Rúa Logroño
RU LUAR CARME	Rúa Luar Carme
RU LUIS IGLESIAS IGLESIAS	Rúa Luis Iglesias Iglesias
RU M ANGELES GANDARA	Rúa M Angeles Gandara
RU MALLOU	Rúa Mallou de Arriba
RU MANUEL BEIRAS	Rúa Manuel Beiras
RU MANUEL MURGUIA	Rúa Manuel Murgia
RU MANUEL VAZQUEZ CACHARRON	Rúa Manuel Vázquez Cacharrón
RU MARCO COVAS	Rúa Marco de Covas
RU MARGARITA NELKEN	Rúa Margarita Nelken
RU MARIE CURIE	Rúa Marie Curie
RU MARROZOS	Rúa Marrozos
RU MARTIRES CARRAL	Rúa Martires Carral
RU MELILLA	Rúa Melilla
RU MERIDA	Rúa Merida
RU MONDOÑEDO	Rúa Mondoñedo
RU MONTE CHAOS	Rúa Monte Chaos
RU MORON	Rúa Moron
RU MURCIA	Rúa Murcia
RU NABAL	Rúa Nabal
RU NAVARRA	Rúa Navarra
RU NOVA	Rúa Nova
RU NOVA IGREXA	Rúa Nova da Igrexa
RU NOVA ABAIXO	Rúa Nova de Abaixo
RU OFELIA NIETO	Rúa Ofelia Nieto
RU OSLO	Rúa Oslo
RU PADRONES	Rúa Padrones
RU PALMA DE MALLORCA	Rúa Palma de Mallorca
RU PASADOIRO	Rúa Pasadoiro
RU PENALADA	Rúa Penalada
RU PENIÑAS	Rúa Peniñas
RU PEQUENA	Rúa Pequena
RU DO PEXIGO DE ABAIXO	Rúa Pexigo de Abaixo
RU PEXIGO ARRIBA	Rúa Pexigo de Arriba
RU PICON	Rúa Picon
RU PINTOR SUCASAS	Rúa Pintor Sucasas
RU PONTE MARZAN	Rúa Ponte Marzan
RU PONTEVEDRA	Rúa Pontevedra
RU PTE GERARDO FDEZ ALBOR	Rúa Presidente Gerardo Fernández Albor
RU PTE SALVADOR ALLENDE	Rúa Presidente Salvador Allende
RU PRINCIPES	Rúa Principes
RU PROXECTO VAGALUME	Rúa Proxecto Vagalume
RU QUEIXUME PINOS	Rúa Queixume dos Pinos
RU RAIMUNDO GCIA RGUZ BOROBO	Rúa Raimundo García Rodríguez Borobo
RU RAIÑA LUPA	Rúa Raiña Lupa
RU REAL ROXOS	Rúa Real Roxos
RU RICARDO CARVALHO CALERO	Rúa Ricardo Carvalho Calero
RU ROBERTO VIDAL BODAÑO	Rúa Roberto Vidal Bodaño
RU ROCHEIRA	Rúa Rocheira
RU ROMAÑO	Rúa Romaño
RU RUELA PISON	Rúa Ruela Pison
RU RUELA RIAL	Rúa Ruela Rial
RU SAHAGUN	Rúa Sahagún
RU SALVADOR	Rúa Salvador
RU SAMOS	Rúa Samos
RU SAN CAETANO	Rúa San Caetano
RU SANTA COMBA	Rúa Santa Comba
RU SANTA LUCIA	Rúa Santa Lucia
RU SANTANDER	Rúa Santander
RU SANTIAGO CABALLEROS	Rúa Santiago Caballeros
RU SEITURA	Rúa Seitura
RU SEMPRE GALIZA	Rúa Sempre en Galiza
RU SERGUDE	Rúa Sergude
RU SEVERINO RIVEIRO TOME	Rúa Severino Riveiro Tome
RU SEVILLA	Rúa Sevilla
RU SUNP 11 CASTIÑEIRIÑO B	Rúa Sunp 11 Castiñeiriño B
RU SUNP-20 AMAÑECIDA RUA B	Rúa Sunp-20 Amañecida Rua B
RU SUNP-20 AMAÑECIDA RUA C	Rúa Sunp-20 Amañecida Rua C
RU SUP-1 RUA A	Rúa Sup-1 Rua A
RU SUP-1 RUA B	Rúa Sup-1 Rua B
RU TOLEDO	Rúa Toledo
RU TOMAS BATUECAS MARUGAN	Rúa Tomas Batuecas Marugan
RU TOXEIRAS	Rúa Toxeiras
RU TRANSITO QUINTANA	Rúa Transito Quintana
RU TRANSVERSAL ENTRERRUAS	Rúa Transversal Entrerruas
RU TRAS PILAR	Rúa Tras do Pilar
RU TRAVESA	Rúa Travesa
RU UXIO NOVONEYRA	Rúa Uxio Novoneyra
RU VALENCIA	Rúa Valencia
RU VALLADOLID	Rúa Valladolid
RU VENTO MAREIRO	Rúa Vento Mareiro
RU VILLALDIA	Rúa Villaldia
RU VINTECINCO XULLO	Rúa Vintecinco Xullo
RU VIRXE RIAL	Rúa Virxe Rial
RU VIRXE FATIMA	Rúa Virxe de Fátima
RU VISTA ALEGRE	Rúa Vista Alegre
RU VITORIA-GASTEIZ	Rúa Vitoria-Gasteiz
RU VOCES CEIBES	Rúa Voces Ceibes
RU VOLTA CASTRO	Rúa Volta do Castro
RU VOLTA CASTRO ABAIXO	Rúa Volta do Castro de Abaixo
RU XESUS CARRO	Rúa Xesus Carro
RU XOAQUIN DIAZ RABAGO	Rúa Xoaquin Diaz Rabago
RU XOHANA TORRES	Rúa Xohana Torres
RU XOSE CASTRO GLEZ CHANE	Rúa Xose Castro Glez Chane
RU ESMORGA	Rúa d'A Esmorga
RU ACIBECHERIA	Rúa da Acibechería
RU AGRA GARRIDA	Rúa da Agra da Garrida
RU AGRA ARRIBA	Rúa da Agra de Arriba
RU AGRA VIEIRO	Rúa da Agra do Vieiro
RU AGRIÑA AMIO	Rúa da Agriña de Amio
RU AGRIÑA MEIXONFRIO	Rúa da Agriña do Meixonfrío
RU ALGALIA ARRIBA	Rúa da Algalia de Arriba
RU ALTIBOIA	Rúa da Altiboia
RU DA ANGUSTIA	Rúa da Angustia
RU ATALAIA	Rúa da Atalaia
RU BENEFICA CONXO	Rúa da Benéfica de Conxo
RU BROEIRA	Rúa da Broeira
RU BRUA	Rúa da Brúa
RU BURATA	Rúa da Burata
RU CALDEIRERIA	Rúa da Caldeirería
RU CAMPIÑA	Rúa da Campiña
RU CAÑEIRA	Rúa da Caneira
RU CANTALETA	Rúa da Cantaleta
RU CANTARRA	Rúa da Cantarra
RU CANTEIRA ABAIXO	Rúa da Canteira de Abaixo
RU CANTEIRA ARRIBA	Rúa da Canteira de Arriba
RU CARAMONIÑA	Rúa da Caramoniña
RU RUELA CARAMONIÑA	Rúa da Caramoniña
RU CARBALLA	Rúa da Carballa
RU CARBALLEIRA SAN LOURENZO	Rúa da Carballeira de San Lourenzo
RU CAROLLA	Rúa da Carolla
RU CARREIRA CONDE	Rúa da Carreira do Conde
RU CARRICOVA	Rúa da Carricova
RU CASCALLEIRA	Rúa da Cascalleira
RU CAÑOTEIRA	Rúa da Cañoteira
RU CHAPARRA	Rúa da Chaparra
RU CHOUPANA	Rúa da Choupana
RU CIMA DA EIRA	Rúa da Cima da Eira
RU CODESEIRA AMIO	Rúa da Codeseira de Amio
RU DA CODESEIRA DE VIDAN	Rúa da Codeseira de Vidán
RU COMPAÑIA FILLAS CARIDADE	Rúa da Compañía das Fillas da Caridade
RU DA COMUNIDADE VALENCIANA	Rúa da Comunidade Valenciana
RU CONGA	Rúa da Conga
RU CORREDOIRA FRAGUAS	Rúa da Corredoira das Fraguas
RU COSTIÑA MONTE	Rúa da Costiña do Monte
RU NOGUEIRA CONXO	Rúa da Cruz da Nogueira
RU DA CRUZ DA NOGUEIRA	Rúa da Cruz da Nogueira
RU CRUZ OUTENIN	Rúa da Cruz de Outenín
RU CRUZ SAN PEDRO	Rúa da Cruz de San Pedro
RU CURUXA	Rúa da Curuxa
RU DECOITA (DA)	Rúa da Decoita
RU DEVESA	Rúa da Devesa
RU DIVINA PASTORA	Rúa da Divina Pastora
RU EIRA NOVA	Rúa da Eira Nova
RU EIRA VEDRA	Rúa da Eira Vedra
RU EIRA VELLA	Rúa da Eira Vella
RU ENFESTA	Rúa da Enfesta
RU ENSINANZA	Rúa da Ensinanza
RU ESCURRIDIA	Rúa da Escurridía
RU ESPIÑEIRA	Rúa da Espiñeira
RU ESTACION CASAL	Rúa da Estación do Casal
RU ESTRADA	Rúa da Estrada
RU FERVENZA	Rúa da Fervenza
RU FONTE MIRON	Rúa da Fonte Mirón
RU FONTE LERMO	Rúa da Fonte de Lermo
RU FONTE MALLOU	Rúa da Fonte de Mallou
RU FONTE SAN MIGUEL	Rúa da Fonte de San Miguel
RU FTE SAN MIGUEL	Rúa da Fonte de San Miguel
RU FONTE SANTO ANTONIO	Rúa da Fonte de Santo Antonio
RU FONTE OURO	Rúa da Fonte do Ouro
RU FONTE CONCHEIROS	Rúa da Fonte dos Concheiros
RU FONTECOVA	Rúa da Fontecova
RU FOXEIRA	Rúa da Foxeira
RU GRABANXA	Rúa da Grabanxa
RU GRANXA CASTIÑEIRIÑO	Rúa da Granxa do Castiñeiriño
RU MARIÑEIRA	Rúa da Mariñeira
RU MEDORRA	Rúa da Medorra
RU DA MIRA	Rúa da Mira
RU LAMAS AMIO	Rúa da Mira
RU MUIÑA	Rúa da Muiña
RU NOGUEIRA MALLOU	Rúa da Nogueira de Mallou
RU OBRIGADA	Rúa da Obrigada
RU OLIVEIRA	Rúa da Oliveira
RU PENA	Rúa da Pena
RU PENA CORVEIRA	Rúa da Pena Corveira
RU PENA MARIA	Rúa da Pena María
RU PIAXE	Rúa da Piaxe
RU PONTE MUNIN	Rúa da Ponte Munín
RU PONTE NOVA VIDAN	Rúa da Ponte Nova de Vidán
RU PONTEPEDRIÑA ARRIBA	Rúa da Ponte Pedriña de Arriba
RU PONTE PEQUENA	Rúa da Ponte Pequena
RU PONTE PEREDA	Rúa da Ponte Pereda
RU PONTE VELLA	Rúa da Ponte Vella
RU PONTE VELLA ARRIBA	Rúa da Ponte Vella de Arriba
RU PONTE ASEN	Rúa da Ponte da Asén
RU PONTE ROCHA	Rúa da Ponte da Rocha
RU PONTE S LAZARO ABAIXO	Rúa da Ponte de San Lázaro de Abaixo
RU PONTE SAR	Rúa da Ponte de Sar
RU PONTE DO ROMAÑO	Rúa da Ponte do Romaño
RU PONTE VISO	Rúa da Ponte do Viso
RU PORTA PENA	Rúa da Porta da Pena
RU POZA REAL ABAIXO	Rúa da Poza Real de Abaixo
RU POZA REAL ARRIBA	Rúa da Poza Real de Arriba
RU POZA BAR	Rúa da Poza de Bar
RU PRESA	Rúa da Presa
RU PULLEIRA	Rúa da Pulleira
RU PIA	Rúa da Pía
RU QUEIMADA	Rúa da Queimada
RU QUENLLA	Rúa da Quenlla
RU RAIOLA	Rúa da Raiola
RU RAPA FOLLA	Rúa da Rapa da Folla
RU RAPADA	Rúa da Rapada
RU RAXEIRA	Rúa da Raxeira
RU RAIÑA	Rúa da Raíña
RU REPUBLICA ARXENTINA	Rúa da República Arxentina
RU REPUBLICA CHECA	Rúa da República Checa
RU REPUBLICA DE EL SALVADOR	Rúa da República de El Salvador
RU REVOLTA	Rúa da Revolta
RU RIBEIRA DE SAN LOURENZO	Rúa da Ribeira de San Lourenzo
RU RIBEIRA VISO	Rúa da Ribeira do Viso
RU DA RIOXA	Rúa da Rioxa
RU ROSA	Rúa da Rosa
RU SENRA	Rúa da Senra
RU SERRADURA	Rúa da Serradura
RU SOMBRA	Rúa da Sombra
RU RUELA TAFONA	Rúa da Tafona
RU TORREIRA	Rúa da Torreira
RU TORREIRA ARRIBA	Rúa da Torreira de Arriba
RU TRINIDADE	Rúa da Trindade
RU TRISCA	Rúa da Trisca
RU TROIA	Rúa da Troia
RU DA TUNA COMPOSTELA	Rúa da Tuna Compostela
RU VEIGUIÑA	Rúa da Veiguiña
RU VESADA	Rúa da Vesada
RU VIRXE BRANCA	Rúa da Virxe Branca
RU VIRXE CERCA	Rúa da Virxe da Cerca
RU VIA	Rúa da Vía
RU XUNLLA	Rúa da Xunlla
RU PONTE SAN LAZARO	Rúa da ponte de San Lazaro
RU AMEAS	Rúa das Ameas
RU ARRIBADAS	Rúa das Arribadas
RU BALEIXAS	Rúa das Baleixas
RU BARREIRAS	Rúa das Barreiras
RU BRAÑAS SAR	Rúa das Brañas de Sar
RU CAMPAS SAN XOAN	Rúa das Campás de San Xoán
RU CANCELAS	Rúa das Cancelas
RU CANTEIRAS SAR	Rúa das Canteiras de Sar
RU CARRETAS	Rúa das Carretas
RU DAS CASAS NOVAS	Rúa das Casas Novas
LG CASAS NOVAS	Rúa das Casas Novas
RU CASAS REAIS	Rúa das Casas Reais
RU CASAS HEDRA	Rúa das Casas da Hedra
RU CASAS AGRO	Rúa das Casas do Agro
LG CASAS REGO	Rúa das Casas do Rego
RU CASAS VENTO	Rúa das Casas do Vento
RU CERDEIRAS	Rúa das Cerdeiras
RU CONDOMIÑAS	Rúa das Condomiñas
RU COVAS PORTO	Rúa das Covas do Porto
RU ESPIÑAS	Rúa das Espiñas
RU ESTRELAS	Rúa das Estrelas
RU RUEIRO FIGUEIRIÑAS	Rúa das Figueiriñas
RU FONTES SAR	Rúa das Fontes de Sar
RU FONTIÑAS	Rúa das Fontiñas
RU GALERAS	Rúa das Galeras
RU HORTAS	Rúa das Hortas
RU HORTIÑAS	Rúa das Hortiñas
RU LARANXEIRAS	Rúa das Laranxeiras
RU LETRAS GALEGAS	Rúa das Letras Galegas
RU MULAS	Rúa das Mulas
RU OBLATAS	Rúa das Oblatas
RU ORFAS	Rúa das Orfas
RU PEDREIRAS	Rúa das Pedreiras
RU PENAS	Rúa das Penas
RU PEREIRIÑAS	Rúa das Pereiriñas
RU POZAS	Rúa das Pozas
RU RODAS	Rúa das Rodas
RU SALVADAS	Rúa das Salvadas
RU SANTAS MARIÑAS	Rúa das Santas Mariñas
RU TABANISCAS	Rúa das Tabaniscas
RU TORNAS	Rúa das Tornas
RU TRECE ROSAS	Rúa das Trece Rosas
RU TROMPAS	Rúa das Trompas
RU ABELARDO MORALEJO LASO	Rúa de Abelardo Moralejo Laso
RU ABRIL ARES	Rúa de Abril Ares
RU AFONSO X, O SABIO	Rúa de Afonso X o Sabio
RU AGUSTIN SIXTO SECO	Rúa de Agustín Sixto Seco
RU ALEJANDRO PEREZ LUGIN	Rúa de Alejandro Pérez Lugín
RU ALEXANDRE BOVEDA	Rúa de Alexandre Bóveda
RU ALFREDO BRAÑAS	Rúa de Alfredo Brañas
RU ALFREDO VICENTI	Rúa de Alfredo Vicenti
RU ALLER ULLOA	Rúa de Aller Ulloa
RU ALTAMIRA	Rúa de Altamira
RU PORTO AMIO	Rúa de Amio
RU AMIO	Rúa de Amio
RU AMOR RUIBAL	Rúa de Amor Ruibal
RU DE ANDALUCIA	Rúa de Andalucia
RU ANNE FRANK	Rúa de Anne Frank
RU ANTOLIN FARALDO	Rúa de Antolín Faraldo
RU ANTONIO CASARES	Rúa de Antonio Casares
RU ANTONIO GOMEZ VILASO	Rúa de Antonio Gómez Vilasó
RU ANTONIO MACHADO ALVAREZ	Rúa de Antonio Machado Álvarez
RU ANTONIO RAMA SEOANE	Rúa de Antonio Rama Seoane
RU ANTON VILAR PONTE	Rúa de Antón Vilar Ponte
RU ANXO CASAL	Rúa de Anxo Casal
RU ARZUA	Rúa de Arzúa
RU ASTORGA	Rúa de Astorga
RU ATENAS	Rúa de Atenas
RU AVELINO POUSA ANTELO	Rúa de Avelino Pousa Antelo
RU BELGRADO	Rúa de Belgrado
RU BERLIN	Rúa de Berlín
RU BERMEJO	Rúa de Bermejo
RU BERNA	Rúa de Berna
RU BERNAL BONAVAL	Rúa de Bernal de Bonaval
RU BERNARDO BARREIRO V V	Rúa de Bernardo Barreiro de Vázquez-Varela
RU BETANZOS	Rúa de Betanzos
RU BLANCO AMOR	Rúa de Blanco Amor
RU BLANCO NAJERA	Rúa de Blanco Nájera
RU BOIRO	Rúa de Boiro
RU BOISACA	Rúa de Boisaca
RU BONAVAL	Rúa de Bonaval
RU BOQUEIXON	Rúa de Boqueixón
RU BRION	Rúa de Brión
RU BRUXELAS	Rúa de Bruxelas
RU DE BUDAPEST	Rúa de Budapest
RU CANFRANC	Rúa de Canfranc
RU CARMEN LAFORET	Rúa de Carmen Laforet
RU DE CASTELA-A MANCHA	Rúa de Castela A Mancha
RU DE CASTELA E LEON	Rúa de Castela e León
RU CELSO EMILIO FERREIRO	Rúa de Celso Emilio Ferreiro
RU CENTIEIRA	Rúa de Centieira
RU CLARA CAMPOAMOR	Rúa de Clara Campoamor
RU CONCEPCION ARENAL	Rúa de Concepción Arenal
RU CONCEPCION PEREZ IGLESIAS	Rúa de Concepción Pérez Iglesias
RU CONSTANTINO CANDEIRA	Rúa de Constantino Candeira
RU CONSTANTINO LIMIA NOGUEIR	Rúa de Constantino Limia Nogueira
RU CONXO ARRIBA	Rúa de Conxo de Arriba
RU COTAREDO	Rúa de Cotaredo
RU CURROS ENRIQUEZ	Rúa de Curros Enríquez
RU CACERES	Rúa de Cáceres
RU DIEGO BERNAL	Rúa de Diego Bernal
RU DIEGO MUROS	Rúa de Diego de Muros
RU DOLORES RODEIRO BOADO	Rúa de Dolores Rodeiro Boado
RU DOMINGO GARCIA SABELL	Rúa de Domingo García-Sabell
RU DUBLIN	Rúa de Dublín
RU EDUARDO PONDAL	Rúa de Eduardo Pondal
RU EMILIA PARDO BAZAN	Rúa de Emilia Pardo Bazán
RU EMILIO E MANUEL	Rúa de Emilio e Manuel
RU ENTREGALERAS	Rúa de Entregaleras
RU ENTREMUROS	Rúa de Entremuros
RU ENTREPEXIGOS	Rúa de Entrepexigos
RU ENTRERRIOS	Rúa de Entrerríos
RU ESLOVAQUIA	Rúa de Eslovaquia
RU ESLOVENIA	Rúa de Eslovenia
RU ESTOCOLMO	Rúa de Estocolmo
RU ESTONIA	Rúa de Estonia
RU DE ESTREMADURA	Rúa de Estremadura
RU FELIPE R CORDERO CARRETE	Rúa de Felipe Ramón Cordero Carrete
RU DE FERNANDO III O SANTO	Rúa de Fernando III o Santo
RU FERROL	Rúa de Ferrol
RU FOZAN	Rúa de Fozán
RU GARCIA BLANCO	Rúa de García Blanco
RU GARCIA LORCA	Rúa de García Lorca
RU GARCIA PRIETO	Rúa de García Prieto
BO GUADALUPE	Rúa de Guadalupe
RU GUMERSINDO BUSTO VILLANUE	Rúa de Gumersindo Busto Villanueva
RU GOMEZ ULLA	Rúa de Gómez Ulla
RU HILARIO SAINZ SAINZ-PARDO	Rúa de Hilario Sainz Sainz-Pardo
RU ISAAC DIAZ PARDO	Rúa de Isaac Díaz Pardo
RU ISIDORO MILLAN GONZALEZ-P	Rúa de Isidoro Millán González-Pardo
RU ISIDRO PARGA PONDAL	Rúa de Isidro Parga Pondal
RU JACA	Rúa de Jaca
RU JOSE ANTONIO SOUTO PAZ	Rúa de José Antonio Souto Paz
RU JOSE MARIA LACARRA	Rúa de José María Lacarra
RU JOSE MARIA SUAREZ NUÑEZ	Rúa de José María Suárez Núñez
RU JOSE PASTOR HORTA	Rúa de José Pastor Horta
RU JOSE VILLAR GRANJEL	Rúa de José Villar Granjel
RU JOSE ANGEL VALENTE	Rúa de José Ángel Valente
RU JUAN URIA RIU	Rúa de Juan Uría Ríu
RU JULIA MINGUILLON	Rúa de Julia Minguillón
RU LAVERDE RUIZ	Rúa de Laverde Ruiz
RU LE PUY EN VELAY	Rúa de Le Puyen Velay
RU LETONIA	Rúa de Letonia
RU LISBOA	Rúa de Lisboa
RU LITUANIA	Rúa de Lituania
RU LONDRES	Rúa de Londres
RU LOPE GOMEZ MARZOA	Rúa de Lope Gómez de Marzoa
RU LUIS FREIRE	Rúa de Luís Freire
RU LUIS VAZQUEZ PARGA	Rúa de Luís Vázquez Parga
RU LOPEZ FERREIRO	Rúa de López Ferreiro
RU MADRID	Rúa de Madrid
RU MALLOU DE ABAIXO (DE)	Rúa de Mallou de Abaixo
RU DE MALTA	Rúa de Malta
RU MANUEL CAEIRO QUINTAS	Rúa de Manuel Caeiro Quintáns
RU MANUEL CERUELO	Rúa de Manuel Ceruelo
RU MANUEL COLMEIRO	Rúa de Manuel Colmeiro
RU MANUEL MARIA	Rúa de Manuel María
RU MARIANA PINEDA	Rúa de Mariana Pineda
RU MARUXA MALLO	Rúa de Maruxa Mallo
RU MARIA CASARES	Rúa de María Casares
RU MARIA MARIÑO	Rúa de María Mariño
RU MARIA ZAMBRANO	Rúa de María Zambrano
RU MAZARELOS	Rúa de Mazarelos
RU MELIDE	Rúa de Melide
RU MIGUEL FERRO CAAVEIRO	Rúa de Miguel Ferro Caaveiro
RU MODESTO BROCOS	Rúa de Modesto Brocos
RU MONTERO RIOS	Rúa de Montero Ríos
RU MOSCOVA	Rúa de Moscova
RU MOURONZON	Rúa de Mourozón
RU MUNIN	Rúa de Munín
RU DE MURCIA	Rúa de Murcia
RU MUROS	Rúa de Muros
RU MONACO	Rúa de Mónaco
RU NEGREIRA	Rúa de Negreira
RU NEIRA MOSQUERA	Rúa de Neira de Mosquera
RU NOIA	Rúa de Noia
RU ORDES	Rúa de Ordes
RU OTERO PEDRAIO	Rúa de Otero Pedraio
RU OURENSE	Rúa de Ourense
RU OVIEDO	Rúa de Oviedo
RU PADRON	Rúa de Padrón
RU PAI CANA	Rúa de Pai da Cana
RU PALAS REI	Rúa de Palas de Rei
RU PAMPLONA	Rúa de Pamplona
RU PARIS	Rúa de París
RU PASTORIZA	Rúa de Pastoriza
RU PAULO COELHO	Rúa de Paulo Coelho
RU PEDRA ALBEIRA	Rúa de Pedra Albeira
RU PEDRO CABEZAS GONZALEZ	Rúa de Pedro Cabezas González
RU PICAÑOS	Rúa de Picaños
RU PILAR MIRO	Rúa de Pilar Miró
RU POLONIA	Rúa de Polonia
RU PONFERRADA	Rúa de Ponferrada
RU PORTOMARIN	Rúa de Portomarín
RU PRAGA	Rúa de Praga
RU PUENTE REINA	Rúa de Puente La Reina
RU PEREZ CONSTANTI	Rúa de Pérez Costanti
RU RAMON BALTAR	Rúa de Ramón Baltar
RU RAMON CABANILLAS	Rúa de Ramón Cabanillas
RU RAMON PIÑEIRO	Rúa de Ramón Piñeiro
RU RAMON VALLE INCLAN	Rúa de Ramón del Valle-Inclán
RU REDONDELO	Rúa de Redondelo
RU RIANXO	Rúa de Rianxo
RU RICARDO BESCANSA	Rúa de Ricardo Bescansa
RU DE RIGA	Rúa de Riga
RU RODRIGUEZ CARRACIDO	Rúa de Rodríguez Carracido
RU ROMA	Rúa de Roma
RU RUBIALA	Rúa de Rubiá
RU SAN BIEITO	Rúa de San Bieito
RU SAN CLEMENTE	Rúa de San Clemente
RU SAN CRISTOVO	Rúa de San Cristovo
RU SAN FRANCISCO	Rúa de San Francisco
RU SAN LOURENZO	Rúa de San Lourenzo
RU SAN LAZARO	Rúa de San Lázaro
RU SAN MARCOS	Rúa de San Marcos
RU SAN MARTIÑO	Rúa de San Martiño
RU SAN MIGUEL AGROS	Rúa de San Miguel dos Agros
RU SAN PAIO ANTEALTARES	Rúa de San Paio de Antealtares
RU SAN PAIO MONTE	Rúa de San Paio do Monte
RU SAN PEDRO	Rúa de San Pedro
RU SAN PEDRO DE MEZONZO	Rúa de San Pedro de Mezonzo
RU SAN ROQUE	Rúa de San Roque
RU SAN ROQUE LARAÑO	Rúa de San Roque de Laraño
RU SAN XOAN	Rúa de San Xoán
RU SANTA CLARA	Rúa de Santa Clara
RU SANTA CRISTINA	Rúa de Santa Cristina
RU SANTA MARTA ABAIXO	Rúa de Santa Marta de Abaixo
RU SANTA MARTA DE ARRIBA	Rúa de Santa Marta de Arriba
RU SANTA TERESA JORNET	Rúa de Santa Teresa Jornet
RU SANTA UXIA RIBEIRA	Rúa de Santa Uxía de Ribeira
RU SANTIAGO LEON CARACAS	Rúa de Santiago León de Caracas
RU SANTIAGO CHILE	Rúa de Santiago de Chile
RU SANTIAGO GUAYAQUIL	Rúa de Santiago de Guayaquil
RU SANTIAGO QUERETARO	Rúa de Santiago de Querétaro
RU SANTIAGO DEL ESTERO (DE)	Rúa de Santiago del Estero
RU SANTIAGO DO CAÇEM	Rúa de Santiago do Caçem
RU SANTO AGOSTIÑO	Rúa de Santo Agostiño
RU SANTO DOMINGO CALZADA	Rúa de Santo Domingo de la Calzada
RU SAR	Rúa de Sar
RU SARELA ABAIXO	Rúa de Sarela de Abaixo
LG SARELA ABAIXO	Rúa de Sarela de Abaixo
RU SECUNDINO LOPEZ	Rúa de Secundino López
RU SENANDE	Rúa de Senande
RU SEOANE	Rúa de Seoane
RU SERAFIN ZAS	Rúa de Serafín Zas
RU SOMPORT	Rúa de Somport
RU SUARRIBAS	Rúa de Suarribas
RU SANCHEZ FREIRE	Rúa de Sánchez Freire
RU REGO CEBRO	Rúa de Teo
RU TEO	Rúa de Teo
RU TERESA CLARAMUNT	Rúa de Teresa Claramunt
RU TOMIÑO	Rúa de Tomiño
RU TORRENTE	Rúa de Torrente
RU TOURO	Rúa de Touro
RU TRAS SALOME	Rúa de Tras Salomé
RU TRAS SANTA CLARA	Rúa de Tras Santa Clara
RU TRAS SANTA ISABEL	Rúa de Tras Santa Isabel
RU TRAS COSTA SANTA ISABEL	Rúa de Tras da Costa de Santa Isabel
RU TRIACASTELA	Rúa de Triacastela
RU TUI	Rúa de Tui
RU ULPIANO VILLANUEVA	Rúa de Ulpiano Villanueva
RU VARELA MONTES	Rúa de Varela Montes
RU VARSOVIA	Rúa de Varsovia
RU VEDRA	Rúa de Vedra
RU DE VICENTE RISCO	Rúa de Vicente Risco
RU DE VICTORIA KENT	Rúa de Victoria Kent
RU DE VIDAN	Rúa de Vidán
RU VIENA	Rúa de Viena
RU VILLAFRANCA BIERZO	Rúa de Vilafranca do Bierzo
RU VITE ABAIXO	Rúa de Vite de Abaixo
RU VITE ARRIBA	Rúa de Vite de Arriba
RU XELMIREZ	Rúa de Xelmírez
RU XOANA NOGUEIRA	Rúa de Xoana Nogueira
RU XOSE PASIN	Rúa de Xose Pasín
RU XOSE CHAO REGO	Rúa de Xosé Chao Rego
RU XOSE COUSO	Rúa de Xosé Couso
RU XUBRIS	Rúa de Xubrís
RU ZARAGOZA	Rúa de Zaragoza
RU ANGEL RODRIGUEZ GONZALEZ	Rúa de Ángel Rodríguez González
RU AGRO SENRA	Rúa do Agro da Senra
RU AGRO DAS BARREIRAS (DO)	Rúa do Agro das Barreiras
RU AGRO MOZOS	Rúa do Agro dos Mozos
RU AL RAIMUNDO LOPEZ POL	Rúa do Alcalde Raimundo López Pol
RU AMENEIRAL VISO	Rúa do Ameneiral do Viso
RU AVIO	Rúa do Avío
RU AVIO ABAIXO	Rúa do Avío de Abaixo
RU BANQUETE CONXO	Rúa do Banquete de Conxo
RU BIDUEIRO	Rúa do Bidueiro
RU BISPO DIEGO PELAEZ	Rúa do Bispo Diego Peláez
RU BISPO TEODOMIRO	Rúa do Bispo Teodomiro
RU CAMPIÑO GUADALUPE	Rúa do Campiño de Guadalupe
RU CAMPIÑO SAN FRANCISCO	Rúa do Campiño de San Francisco
RU CAMPIÑO CARME	Rúa do Campiño do Carme
RU CAMPO ANGUSTIA	Rúa do Campo da Angustia
RU CAMPO ESTRELA	Rúa do Campo da Estrela
RU CAMPO FONTE	Rúa do Campo da Fonte
RU CAMPO SANTA MARTA	Rúa do Campo de Santa Marta
RU CAMPO SANTO ANTONIO	Rúa do Campo de Santo Antonio
RU CAMPO AMO	Rúa do Campo do Amo
RU CAMPO CRUCEIRO GAIO	Rúa do Campo do Cruceiro do Gaio
RU CAMPO FORNO	Rúa do Campo do Forno
RU CANIZO	Rúa do Canizo
RU CANTEIRO	Rúa do Canteiro
RU CARBALLO ALDREI	Rúa do Carballo de Aldrei
RU CARDEAL PAYA	Rúa do Cardeal Payá
RU CALZADA CARME ABAIXO	Rúa do Carme de Abaixo
RU CARME ABAIXO	Rúa do Carme de Abaixo
RU CASAL HORTA	Rúa do Casal da Horta
RU CASTIÑEIRIÑO	Rúa do Castiñeiriño
LG OUTEIRO CASTIÑEIRIÑO	Rúa do Castiñeiriño
RU CASTRO	Rúa do Castro
RU CASTRON DOURO	Rúa do Castrón d'Ouro
RU CEO	Rúa do Ceo
RU CHURRUCHAO	Rúa do Churruchao
RU CHICHARO	Rúa do Chícharo
RU COMBARRO	Rúa do Combarro
RU CORGO	Rúa do Corgo
RU COTO	Rúa do Coto
RU COTO VEIGA	Rúa do Coto da Veiga
LG COTO OLMOS	Rúa do Coto dos Olmos
RU COTO OLMOS	Rúa do Coto dos Olmos
RU COTTOLENGO	Rúa do Cotolengo
RU COTON	Rúa do Cotón
RU CRUCEIRO DE SAR (DO)	Rúa do Cruceiro de Sar
RU CRUCEIRO GAIO	Rúa do Cruceiro do Gaio
RU CUBEIRO	Rúa do Cubeiro
RU CUBELO	Rúa do Cubelo
RU CURRO PARRA	Rúa do Curro da Parra
RU DOIRO	Rúa do Doiro
RU DOUTOR DANIEL MTNEZ MORAN	Rúa do Doutor Daniel Martínez Morán
RU DOUTOR TEIXEIRO	Rúa do Doutor Teixeiro
RU EMPEDRADO	Rúa do Empedrado
RU ESCULTOR ASOREY	Rúa do Escultor Asorey
RU ESCULTOR CAMILO OTERO	Rúa do Escultor Camilo Otero
RU ESCULTOR FERREIRO	Rúa do Escultor Ferreiro
RU ESCULTOR JESUS LANDEIRA	Rúa do Escultor Jesús Landeira
RU ES XOSE EIROA	Rúa do Escultor Xosé Eiroa
RU ESPIRITO SANTO	Rúa do Espírito Santo
RU ESQUIO	Rúa do Esquilo
RU FRANCO	Rúa do Franco
RU FRANCES	Rúa do Francés
RU GAIAS	Rúa do Gaiás
RU HOME SANTO	Rúa do Home Santo
RU HOSPICIO	Rúa do Hospicio
RU HOSPITALIÑO	Rúa do Hospitaliño
RU HORREO	Rúa do Hórreo
RU LAVADOIRO	Rúa do Lavadoiro
RU LIMPADOIRO	Rúa do Limpadoiro
RU LINDEIRO	Rúa do Lindeiro
RU MEDIO	Rúa do Medio
RU MEIXONFRIO	Rúa do Meixonfrío
RU MERLO	Rúa do Merlo
RU MIÑATO	Rúa do Miñato
RU MONTEPIO	Rúa do Monte Pío
RU MONTE CONXO	Rúa do Monte de Conxo
RU MONTE SEIXO	Rúa do Monte do Seixo
RU MONTE POSTES	Rúa do Monte dos Postes
RU MORCEGO	Rúa do Morcego
RU MOUCHO	Rúa do Moucho
RU MUINEIRO BRETEMAS	Rúa do Muiñeiro de Brétemas
RU OBRADOIRO C.A.B.	Rúa do Obradoiro C.A.B.
RU OLVIDO	Rúa do Olvido
RU OUTEIRO VELLO	Rúa do Outeiro Vello
RU OUTEIRO SAR	Rúa do Outeiro de Sar
RU PATIO MADRES	Rúa do Patio de Nais
RU DO PAIS VASCO	Rúa do País Vasco
RU PEDROSIÑO	Rúa do Pedrosiño
RU PENEDO	Rúa do Penedo
RU PEREGRINO	Rúa do Peregrino
RU RUELA PEREIRO	Rúa do Pereiro
RU PICO SACRO	Rúa do Pico Sacro
RU PINO	Rúa do Pino
RU CARLOS MASIDE	Rúa do Pintor Carlos Maside
RU PINTOR JUAN LUIS	Rúa do Pintor Juan Luis
RU PINTOR LAXEIRO	Rúa do Pintor Laxeiro
RU PINTOR LINO VILLAFINEZ	Rúa do Pintor Lino Villafínez
RU PINTOR URBANO LUGRIS	Rúa do Pintor Urbano Lugrís
RU PINTOR XAIME QUESADA	Rúa do Pintor Xaime Quesada
RU PIÑEIRO	Rúa do Piñeiro
RU PIÑEIRO VILLESTRO	Rúa do Piñeiro de Villestro
LG PIÑEIRO VILLESTRO	Rúa do Piñeiro de Villestro
RU POMBAL	Rúa do Pombal
RU PORTO CONXO	Rúa do Porto de Conxo
RU PORTO VITE	Rúa do Porto de Vite
RU PORTO MEDIO	Rúa do Porto do Medio
RU PREGUNTOIRO	Rúa do Preguntoiro
RU RUELA QUINTEIRO	Rúa do Quinteiro
RU REFIXON	Rúa do Refixón
RU RESTOLLAL	Rúa do Restollal
RU ROSA PARDO	Rúa do Restollal
RU RIAL CONXO	Rúa do Rial de Conxo
RU ROSARIO	Rúa do Rosario
RU RIO	Rúa do Río
RU RIO ARRIBA	Rúa do Río Arriba
RU SANDINO	Rúa do Sandino
RU SOL	Rúa do Sol
RU SOUTO	Rúa do Souto
RU TAMBRE	Rúa do Tambre
RU ULLA	Rúa do Ulla
RU VALIÑO	Rúa do Valiño
RU VEADIÑO	Rúa do Veadiño
RU VEADO	Rúa do Veado
RU VENCELLO	Rúa do Vencello
RU VIADUCTO ROCHA	Rúa do Viaduto da Rocha
RU VIEIRO	Rúa do Vieiro
RU VILAR	Rúa do Vilar
RU VISO	Rúa do Viso
RU VISO ARRIBA	Rúa do Viso de Arriba
RU XABRAL	Rúa do Xabral
RU XENERAL PARDIÑAS	Rúa do Xeneral Pardiñas
RU MONTE REDONDO	Rúa do monte Redondo
RU ASIDROS	Rúa dos Asidros
RU BASQUIÑOS	Rúa dos Basquiños
RU BAUTIZADOS	Rúa dos Bautizados
RU CABALOS	Rúa dos Cabalos
RU CAMALLONS	Rúa dos Camallóns
RU CAMPOS	Rúa dos Campos
RU CARAVEIS	Rúa dos Caraveis
RU CONCHEIROS	Rúa dos Concheiros
RU FEANS	Rúa dos Feáns
RU FORNIÑOS	Rúa dos Forniños
RU IRMANDIÑOS	Rúa dos Irmandiños
RU IRMANS REY ALVITE	Rúa dos Irmáns Rey Alvite
RU IRMANS VILAR PONTE	Rúa dos Irmáns Vilar Ponte
RU LAGARTOS	Rúa dos Lagartos
RU LOUREIROS	Rúa dos Loureiros
RU PAZOS	Rúa dos Pazos
RU PELAMIOS	Rúa dos Pelamios
RU PITELOS	Rúa dos Pitelos
RU PORRONS	Rúa dos Porróns
RU ROLANS	Rúa dos Roláns
RU SALGUEIRIÑOS ARRIBA	Rúa dos Salgueiriños de Arriba
RU TRUQUES	Rúa dos Truques
RU XASMINS	Rúa dos Xasmíns
RU SALGUEIRIÑOS ABAIXO	Salgueiriños de Abaixo
LG SANTO IGNACIO MONTE	Santo Ignacio do Monte
LG SANTOMIL	Santomil
LG SILVOUTA	Silvouta
BO TOXEIRA SAN LOURENZO	Toxeira de San Lorenzo
TR BENEFICA CONXO	Travesa da Benéfica de Conxo
TR CALZADA SAR	Travesa da Calzada de Sar
TR CAMPIÑA (DA)	Travesa da Campiña
TR CANTALETA	Travesa da Cantaleta
TR CHAPARRA	Travesa da Chaparra
TR CHOUPANA	Travesa da Choupana
TR COSTA NOVA	Travesa da Costa Nova
TR ESTRADA	Travesa da Estrada
TR FERVENZA	Travesa da Fervenza
TR FONTE OURO	Travesa da Fonte do Ouro
TR PONTE SAR	Travesa da Ponte de Sar
TR PONTE VISO	Travesa da Ponte do Viso
TR POZA	Travesa da Poza
TR SUSANA	Travesa da Susana
TR CASAS HEDRA	Travesa das Casas da Hedra
TR PENAS DE ARINS (DAS)	Travesa das Penas
RU ANGROIS	Travesa de Angrois
TR ANGROIS	Travesa de Angrois
TR CONXO ABAIXO	Travesa de Conxo de Abaixo
TR CONXO ARRIBA	Travesa de Conxo de Arriba
TR LAMAS ABADE	Travesa de Lamas de Abade
TR LERMO	Travesa de Lermo
TR MOURONZON	Travesa de Mourozon
TR PASTORIZA	Travesa de Pastoriza
TR PICAÑOS	Travesa de Picaños
TR SAN LOURENZO	Travesa de San Lourenzo
TR SAN MARCOS	Travesa de San Marcos
TR SAN PEDRO	Travesa de San Pedro
TR TORRENTE	Travesa de Torrente
TR VISTA ALEGRE	Travesa de Vista Alegre
TR VITE ARRIBA	Travesa de Vite de Arriba
TR CARME ABAIXO	Travesa do Carme de Abaixo
TR CENDAL	Travesa do Cendal
TR CHAN CURROS	Travesa do Chan de Curros
TR COMBARRO	Travesa do Combarro
TR CRUCEIRO GAIO	Travesa do Cruceiro do Gaio
TR ESCULTOR ASOREY	Travesa do Escultor Asorey
TR FRANCO	Travesa do Franco
TR SISTO (DO)	Travesa do Sisto
TR VISO	Travesa do Viso
TR BASQUIÑOS	Travesa dos Basquiños
RU RUELA PITELOS	Travesa dos Pitelos
TR CASA AGRARIA	Travesia da casa agraria
TR TEO	Travesia de Teo
TR SANTA MARTA ABAIXO	Travesía Santa Marta de Abaixo
TR RESTOLLAL	Travesía do Restollal
TR DUAS PORTAS (DAS)	Travesía/Transversal Duas Portas (Das)
TR FONSECA	Travesía/Transversal Fonseca
TR PARDIÑAS	Travesía/Transversal Pardiñas
TR SANXUAS	Travesía/Transversal Sanxuas
TR UNIVERSIDADE	Travesía/Transversal Universidade
RU TRANSVERSAL GRAMATICOS	Tránsito dos Gramáticos
VI SACRA	Vi Sacra
VI NOBEL (DE)	Via de Nobel
LG VILACOBA	Vilacoba
VI EDISON (DE)	Vía Edison
VI ARQUIMEDES (DE)	Vía de Arquímedes
VI COPERNICO (DE)	Vía de Copérnico
VI DIESEL (DE)	Vía de Diesel
VI FARADAY (DE)	Vía de Faraday
VI GALILEO (DE)	Vía de Galileo
VI GUTEMBERG (DE)	Vía de Gutenberg
VI ISAAC PERAL (DE)	Vía de Isaac Peral
VI CIERVA (LA)	Vía de La Cierva
VI MARCONI (DE)	Vía de Marconi
VI PASTEUR (DE)	Vía de Pasteur
VI PTOLOMEO (DE)	Vía de Ptolomeo
